4.52995e-05,0,0,0,0
0.100118,0,0,0,0
0.200061,0,0,0,0
0.300068,0,0,0,0
0.400063,0,0,0,0
0.500061,0,0,0,0
0.600066,0,0,0,0
0.700059,0,0,0,0
0.80006,0,0,0,0
0.90009,0,0,0,0
1.00009,0,0,0,0
1.10007,0,0,0,0
1.20006,0,0,0,0
1.30009,0,0,0,0
1.4001,0,0,0,0
1.50009,0,0,0,0
1.6001,0,0,0,0
1.70006,0,0,0,0
1.80008,0,0,0,0
1.90009,0,0,0,0
2.00009,0,0,0,0
2.10009,0,0,0,0
2.20006,0,0,0,0
2.30009,0,0,0,0
2.40009,0,0,0,0
2.50009,0,0,0,0
2.60009,0,0,0,0
2.70006,0,0,0,0
2.80006,0,0,0,0
2.90006,0,0,0,0
3.00006,0,0,0,0
3.10006,0,0,0,0
3.20009,0,0,0,0
3.30009,0,0,0,0
3.40009,0,0,0,0
3.50006,0,0,0,0
3.60008,0,0,0,0
3.70006,0,0,0,0
3.80007,0,0,0,0
3.90006,0,0,0,0
4.00009,0,0,0,0
4.1001,0,0,0,0
4.20009,0,0,0,0
4.30009,0,0,0,0
4.40009,0,0,0,0
4.50006,0,0,0,0
4.60006,0,0,0,0
4.70009,0,0,0,0
4.80007,0,0,0,0
4.90007,0,0,0,0
5.00007,0,0,0,0
5.10008,0,0,0,0
5.20009,0,0,0,0
5.30007,0,0,0,0
5.40007,0,0,0,0
5.50007,0,0,0,0
5.60006,0,0,0,0
5.70009,0,0,0,0
5.8001,0,0,0,0
5.90009,0,0,0,0
6.00008,0,0,0,0
6.10008,0,0,0,0
6.20006,0,0,0,0
6.30006,0,0,0,0
6.40006,0,0,0,0
6.50006,0,0,0,0
6.60009,0,0,0,0
6.70006,0,0,0,0
6.80006,0,0,0,0
6.90008,0,0,0,0
7.00007,0,0,0,0
7.10008,0,0,0,0
7.20006,0,0,0,0
7.30006,0,0,0,0
7.40006,0,0,0,0
7.50006,0,0,0,0
7.60008,0,0,7,0
7.70006,0,0,7,0
7.81245,0,0,7,0
7.90007,0,0,7,0
8.00006,0,0,7,0
8.10008,0,0,7,0
8.20007,0,0,7,0
8.30007,0,0,7,0
8.40009,0,0,7,0
8.50006,0,0,7,0
8.60006,0,0,7,0
8.70007,0,0,7,0
8.80007,0,0,7,0
8.90006,0,0,7,0
9.00006,0,0,7,0
9.10006,0,0,7,0
9.20008,0,0,7,0
9.30009,0,0,7,0
9.40007,0,0,7,0
9.50009,0,0,7,0
9.60009,0,0,7,0
9.70006,0,0,7,0
9.80009,0,0,7,0
9.90006,0,0,7,0
10.0001,0,0,7,0
10.1001,0,0,7,0
10.2001,0,0,7,0
10.3001,0,0,7,0
10.4001,0,0,7,0
10.5001,0,0,7,0
10.6001,0,0,7,0
10.7001,0,0,7,0
10.8001,0,0,7,0
10.9001,0,0,7,0
11.0001,0,0,7,0
11.1001,0,0,7,0
11.2001,0,0,7,0
11.3001,0,0,7,0
11.4001,0,0,7,0
11.5001,0,0,7,0
11.6001,0,0,7,0
11.7001,0,0,7,0
11.8001,0,0,7,0
11.9001,0,0,7,0
12.0001,0,0,7,0
12.1001,0,0,7,0
12.2001,0,0,7,0
12.3001,0,0,7,0
12.4001,0,0,7,0
12.5,0,0,7,0
12.6001,0,0,7,0
12.7001,0,0,7,0
12.8001,0,0,7,0
12.9001,0,0,7,0
13.0001,0,0,7,0
13.1001,0,0,7,0
13.2001,0,0,7,0
13.3001,0,0,7,0
13.4001,0,0,7,0
13.5001,0,0,7,0
13.6001,0,0,7,0
13.7016,0,0,7,0
13.8001,0,0,7,0
13.9001,0,0,7,0
14.0001,0,0,7,0
14.1001,0,0,7,0
14.2001,0,0,7,0
14.3001,0,0,7,0
14.4001,0,0,7,0
14.5001,0,0,7,0
14.6001,0,0,7,0
14.7001,0,0,7,0
14.8001,0,0,7,0
14.9001,0,0,7,0
15.0001,0,0,7,0
15.1001,0.000220255,2.0645e-06,7,0
15.2001,0.000220255,2.0645e-06,7,0
15.3001,0.000220255,2.0645e-06,7,0
15.4001,6.72665e-07,-1.52596e-05,7,0
15.5001,-0.000218422,-3.79292e-05,7,0
15.6001,-0.000218422,-3.79292e-05,7,0
15.7001,-0.000654129,-0.00010293,7,0
15.8001,-3.13854e-06,1.04677e-05,7,0
15.9001,-0.00021915,-3.26079e-05,7,0
16.0001,-0.00021915,-3.26079e-05,7,0
16.1001,-5.59446e-06,2.13411e-05,7,0
16.2001,-5.59446e-06,2.13411e-05,7,0
16.3001,0.000205199,8.52354e-05,7,0
16.4015,-4.23221e-06,1.70083e-05,7,0
16.5001,0.000203474,9.03184e-05,7,0
16.6001,0.000407206,0.000174043,7.03154,0.120767
16.7001,0.000789256,0.000393367,7.03154,0.120767
16.8001,0.00921193,0.00641261,7.03154,0.120767
16.9001,0.0317913,0.0236617,7.03154,0.120767
17.0001,0.0601989,0.0456172,7.03154,0.120767
17.1001,0.0874618,0.0676007,7.03154,0.120767
17.2001,0.11807,0.093146,7.03154,0.120767
17.3001,0.144537,0.115744,7.03154,0.120767
17.4001,0.170208,0.138252,7.03154,0.120767
17.5001,0.200492,0.165516,7.03154,0.120767
17.6001,0.225769,0.188792,7.04088,0.107466
17.7001,0.255168,0.21669,7.04088,0.107466
17.8001,0.280208,0.240541,7.04088,0.107466
17.9001,0.309871,0.26848,7.04088,0.107466
18.0001,0.335384,0.29215,7.04088,0.107466
18.1001,0.361073,0.315628,7.04088,0.107466
18.2001,0.387145,0.339012,7.04088,0.107466
18.3001,0.417518,0.365845,7.04088,0.107466
18.4001,0.443857,0.388592,7.04088,0.107466
18.5001,0.474946,0.414935,7.04088,0.107466
18.6001,0.502088,0.437415,7.04088,0.107466
18.7001,0.533589,0.462914,7.00576,0.120553
18.8003,0.561016,0.484693,7.00576,0.120553
18.9001,0.588432,0.506129,7.00576,0.120553
19.0001,0.62086,0.530806,7.00576,0.120553
19.1001,0.649162,0.551435,7.00576,0.120553
19.2001,0.681995,0.573264,7.00576,0.120553
19.3001,0.710019,0.590345,7.00576,0.120553
19.4001,0.738916,0.606363,7.00576,0.120553
19.5001,0.774028,0.623809,7.00576,0.120553
19.6001,0.804373,0.637425,6.73694,0.324045
19.7009,0.841007,0.652001,6.73694,0.324045
19.8001,0.872786,0.663217,6.73694,0.324045
19.9001,0.905211,0.673178,6.73694,0.324045
20.0001,0.943401,0.682979,6.73694,0.324045
20.1001,0.976779,0.690157,6.73694,0.324045
20.2001,1.01547,0.696523,6.73694,0.324045
20.3001,1.04844,0.700875,6.73694,0.324045
20.4001,1.08246,0.703751,6.73694,0.324045
20.5001,1.12164,0.705294,6.73694,0.324045
20.6001,1.15556,0.705358,7.18425,0.607171
20.7001,1.19473,0.703668,7.18425,0.607171
20.8001,1.22853,0.70081,7.18425,0.607171
20.9001,1.26174,0.696616,7.18425,0.607171
21.0001,1.30082,0.689885,7.18425,0.607171
21.1001,1.33314,0.68306,7.18425,0.607171
21.2001,1.37153,0.673133,7.18425,0.607171
21.3001,1.40334,0.663425,7.18425,0.607171
21.4001,1.43539,0.652316,7.18425,0.607171
21.5001,1.47159,0.637835,7.18425,0.607171
21.6001,1.5017,0.624793,7.24692,0.943609
21.7001,1.53554,0.608763,7.24692,0.943609
21.8001,1.56372,0.594694,7.24692,0.943609
21.9001,1.59206,0.579948,7.24692,0.943609
22.0001,1.62417,0.562462,7.24692,0.943609
22.1001,1.65087,0.546184,7.24692,0.943609
22.2001,1.6788,0.52693,7.24692,0.943609
22.3001,1.70149,0.509462,7.24692,0.943609
22.4001,1.7241,0.490153,7.24692,0.943609
22.5001,1.74874,0.466513,7.24692,0.943609
22.6001,1.76901,0.445063,7.14135,1.17573
22.7001,1.78994,0.420072,7.14135,1.17573
22.8001,1.80731,0.39786,7.14135,1.17573
22.9001,1.8263,0.374124,7.14135,1.17573
23.0001,1.84816,0.347617,7.14135,1.17573
23.1001,1.86687,0.325944,7.14135,1.17573
23.2001,1.88961,0.301065,7.14135,1.17573
23.3001,1.9097,0.280048,7.14135,1.17573
23.4001,1.92882,0.260854,7.14135,1.17573
23.5001,1.95089,0.240603,7.14135,1.17573
23.6001,1.97325,0.222365,7.31652,1.44902
23.7001,2.00503,0.199021,7.31652,1.44902
23.8001,2.03397,0.179699,7.31652,1.44902
23.9001,2.06338,0.161926,7.31652,1.44902
24.0001,2.0985,0.143057,7.31652,1.44902
24.1001,2.12947,0.128172,7.31652,1.44902
24.2001,2.16623,0.112742,7.31652,1.44902
24.3001,2.19825,0.100897,7.31652,1.44902
24.4001,2.23117,0.0903088,7.31652,1.44902
24.5001,2.26981,0.0796184,7.31652,1.44902
24.6001,2.30384,0.0713591,7.47853,1.69911
24.7001,2.34356,0.0632842,7.47853,1.69911
24.8001,2.37808,0.0574036,7.47853,1.69911
24.9001,2.41106,0.0531135,7.47853,1.69911
25.0001,2.44775,0.0504954,7.47853,1.69911
25.1001,2.47573,0.0505478,7.47853,1.69911
25.2001,2.50841,0.053497,7.47853,1.69911
25.3001,2.53668,0.0580933,7.47853,1.69911
25.4001,2.56499,0.0646849,7.47853,1.69911
25.5001,2.59813,0.0753406,7.47853,1.69911
25.6001,2.62699,0.0862014,7.5237,2.05676
25.7001,2.66435,0.101313,7.5237,2.05676
25.8001,2.69637,0.114963,7.5237,2.05676
25.9001,2.72789,0.129179,7.5237,2.05676
26.0001,2.76475,0.146555,7.5237,2.05676
26.1001,2.79617,0.162022,7.5237,2.05676
26.2001,2.83305,0.180864,7.5237,2.05676
26.3001,2.86419,0.197369,7.5237,2.05676
26.4001,2.8953,0.214386,7.5237,2.05676
26.5001,2.93079,0.234408,7.5237,2.05676
26.6001,2.96129,0.252069,7.98987,1.75026
26.7001,2.99605,0.272902,7.98987,1.75026
26.8001,3.02599,0.291073,7.98987,1.75026
26.9001,3.05612,0.309359,7.98987,1.75026
27.0001,3.09122,0.330484,7.98987,1.75026
27.1001,3.12111,0.348317,7.98987,1.75026
27.2001,3.15652,0.369357,7.98987,1.75026
27.3001,3.18704,0.387415,7.98987,1.75026
27.4001,3.21705,0.405024,7.98987,1.75026
27.5001,3.25247,0.42562,7.98987,1.75026
27.6001,3.28262,0.443004,7.63525,2.05807
27.7001,3.31857,0.463553,7.63525,2.05807
27.8001,3.34901,0.480875,7.63525,2.05807
27.9001,3.37977,0.498076,7.63525,2.05807
28.0001,3.41589,0.517398,7.63525,2.05807
28.1001,3.44722,0.533552,7.63525,2.05807
28.2001,3.48358,0.55145,7.63525,2.05807
28.3001,3.51543,0.566538,7.63525,2.05807
28.4001,3.5471,0.580964,7.63525,2.05807
28.5005,3.5847,0.597244,7.63525,2.05807
28.6001,3.61625,0.61028,7.44984,2.37846
28.7001,3.65358,0.624891,7.44984,2.37846
28.8001,3.68558,0.636795,7.44984,2.37846
28.9001,3.71777,0.648158,7.44984,2.37846
29.0001,3.75582,0.66079,7.44984,2.37846
29.1001,3.7884,0.670999,7.44984,2.37846
29.2001,3.82729,0.682392,7.44984,2.37846
29.3006,3.86021,0.691434,7.44984,2.37846
29.4001,3.89414,0.70014,7.44984,2.37846
29.5019,3.93315,0.709374,7.44984,2.37846
29.6001,3.96756,0.716978,7.28484,2.71315
29.7001,4.00752,0.724947,7.28484,2.71315
29.8001,4.04241,0.731294,7.28484,2.71315
29.9001,4.07697,0.73698,7.28484,2.71315
30.0001,4.11774,0.742829,7.28484,2.71315
30.1001,4.15292,0.747271,7.28484,2.71315
30.2001,4.19322,0.751593,7.28484,2.71315
30.3001,4.22854,0.75478,7.28484,2.71315
30.4028,4.26345,0.7576,7.28484,2.71315
30.5001,4.3041,0.760348,7.28484,2.71315
30.6001,4.33885,0.762304,7.20673,3.0615
30.7001,4.37979,0.763993,7.20673,3.0615
30.8001,4.41413,0.765152,7.20673,3.0615
30.9001,4.44958,0.766017,7.20673,3.0615
31.0001,4.49033,0.766475,7.20673,3.0615
31.1001,4.52513,0.766605,7.20673,3.0615
31.2001,4.56521,0.766305,7.20673,3.0615
31.3003,4.60023,0.765845,7.20673,3.0615
31.4001,4.63503,0.765258,7.20673,3.0615
31.5001,4.67577,0.764342,7.20673,3.0615
31.6001,4.71078,0.763357,7.88518,3.60091
31.7001,4.75129,0.762066,7.88518,3.60091
31.8001,4.78562,0.760842,7.88518,3.60091
31.9001,4.8204,0.759472,7.88518,3.60091
32.0001,4.86089,0.757725,7.88518,3.60091
32.1001,4.89565,0.756095,7.88518,3.60091
32.2001,4.93371,0.754096,7.88518,3.60091
32.3001,4.96228,0.752272,7.88518,3.60091
32.4001,4.98905,0.749857,7.88518,3.60091
32.5001,5.02165,0.746113,7.88518,3.60091
32.6001,5.0496,0.742371,8.08129,3.92236
32.7001,5.08311,0.737115,8.08129,3.92236
32.8001,5.11129,0.732042,8.08129,3.92236
32.9001,5.13809,0.726801,8.08129,3.92236
33.0001,5.16897,0.720584,8.08129,3.92236
33.1001,5.20018,0.714906,8.08129,3.92236
33.2001,5.23926,0.708249,8.08129,3.92236
33.3001,5.27278,0.703055,8.08129,3.92236
33.4,5.30763,0.69779,8.08129,3.92236
33.5001,5.348,0.692231,8.08129,3.92236
33.6001,5.38253,0.687871,7.99451,4.52929
33.7001,5.42323,0.683197,7.99451,4.52929
33.8001,5.45741,0.67966,7.99451,4.52929
33.9001,5.49229,0.676513,7.99451,4.52929
34.0001,5.53227,0.67366,7.99451,4.52929
34.1001,5.56724,0.671757,7.99451,4.52929
34.2001,5.60753,0.670397,7.99451,4.52929
34.3001,5.64255,0.669806,7.99451,4.52929
34.4001,5.67691,0.669871,7.99451,4.52929
34.5001,5.71765,0.670787,7.99451,4.52929
34.6001,5.75219,0.672278,7.83686,4.845
34.7001,5.79264,0.674935,7.83686,4.845
34.8001,5.82754,0.677821,7.83686,4.845
34.9001,5.86216,0.681338,7.83686,4.845
35.0001,5.90259,0.686442,7.83686,4.845
35.1001,5.93682,0.691352,7.83686,4.845
35.2001,5.97703,0.697968,7.83686,4.845
35.3001,6.01108,0.704031,7.83686,4.845
35.4001,6.04568,0.710728,7.83686,4.845
35.5001,6.08535,0.719026,7.83686,4.845
35.6001,6.1193,0.726662,7.73386,5.10588
35.7001,6.15808,0.735919,7.73386,5.10588
35.8001,6.19138,0.744397,7.73386,5.10588
35.9001,6.225,0.753363,7.73386,5.10588
36.0001,6.264,0.764391,7.73386,5.10588
36.1001,6.29696,0.774111,7.73386,5.10588
36.2001,6.33533,0.78574,7.73386,5.10588
36.3001,6.36836,0.795957,7.73386,5.10588
36.4001,6.40157,0.806364,7.73386,5.10588
36.5001,6.44025,0.818484,7.73386,5.10588
36.6001,6.47365,0.829019,7.73386,5.10588
36.7001,6.51234,0.841067,7.97948,5.72512
36.8001,6.54561,0.851287,7.97948,5.72512
36.9001,6.57869,0.86138,7.97948,5.72512
37.0001,6.61749,0.873064,7.97948,5.72512
37.1001,6.64994,0.882964,7.97948,5.72512
37.2001,6.68991,0.894592,7.97948,5.72512
37.3001,6.72363,0.904058,7.97948,5.72512
37.4001,6.75744,0.913207,7.97948,5.72512
37.5001,6.79663,0.923502,7.97948,5.72512
37.6001,6.83059,0.932079,8.04116,6.12319
37.7001,6.86999,0.941563,8.04116,6.12319
37.8001,6.90432,0.949553,8.04116,6.12319
37.9001,6.93784,0.957092,8.04116,6.12319
38.0001,6.97768,0.96566,8.04116,6.12319
38.1001,7.01135,0.972506,8.04116,6.12319
38.2001,7.05136,0.98025,8.04116,6.12319
38.3001,7.0858,0.986583,8.04116,6.12319
38.4001,7.1201,0.992491,8.04116,6.12319
38.5001,7.16055,0.998991,8.04116,6.12319
38.6001,7.19518,1.00422,8.02544,6.51919
38.7001,7.23575,1.00989,8.02544,6.51919
38.8001,7.27005,1.01435,8.02544,6.51919
38.9001,7.30504,1.0185,8.02544,6.51919
39.0001,7.34534,1.02282,8.02544,6.51919
39.1001,7.3802,1.02623,8.02544,6.51919
39.2001,7.42058,1.02972,8.02544,6.51919
39.3001,7.45528,1.03233,8.02544,6.51919
39.4001,7.48979,1.0346,8.02544,6.51919
39.5001,7.53047,1.03689,8.02544,6.51919
39.6001,7.56545,1.03853,7.8406,6.6105
39.7001,7.6064,1.03999,7.8406,6.6105
39.8001,7.64009,1.04087,7.8406,6.6105
39.9001,7.6729,1.04143,7.8406,6.6105
40.0001,7.71057,1.04171,7.8406,6.6105
40.1001,7.74316,1.04171,7.8406,6.6105
40.2001,7.78127,1.04135,7.8406,6.6105
40.3001,7.81364,1.04087,7.8406,6.6105
40.4001,7.84579,1.04014,7.8406,6.6105
40.5001,7.88388,1.03893,7.8406,6.6105
40.6001,7.91624,1.03771,7.66326,7.01097
40.7001,7.95276,1.03593,7.66326,7.01097
40.8001,7.98377,1.03425,7.66326,7.01097
40.9001,8.01742,1.03248,7.66326,7.01097
41.0001,8.05813,1.03057,7.66326,7.01097
41.1001,8.09246,1.02909,7.66326,7.01097
41.2001,8.13317,1.02741,7.66326,7.01097
41.3001,8.16817,1.02616,7.66326,7.01097
41.4001,8.20317,1.02498,7.66326,7.01097
41.5001,8.24368,1.02376,7.66326,7.01097
41.6001,8.27869,1.02291,8.33885,6.98406
41.7001,8.31921,1.02207,8.33885,6.98406
41.8001,8.35467,1.02141,8.33885,6.98406
41.9001,8.38925,1.02096,8.33885,6.98406
42.0001,8.43066,1.02057,8.33885,6.98406
42.1001,8.46568,1.0203,8.33885,6.98406
42.2001,8.50643,1.02023,8.33885,6.98406
42.3001,8.54123,1.02029,8.33885,6.98406
42.4001,8.57603,1.02049,8.33885,6.98406
42.5001,8.61656,1.02087,8.33885,6.98406
42.6001,8.65157,1.02139,7.80412,7.80649
42.7001,8.69276,1.02224,7.80412,7.80649
42.8001,8.72755,1.02309,7.80412,7.80649
42.9001,8.76277,1.02408,7.80412,7.80649
43.0001,8.80372,1.02554,7.80412,7.80649
43.1001,8.83893,1.02693,7.80412,7.80649
43.2001,8.87964,1.02876,7.80412,7.80649
43.3001,8.91462,1.03053,7.80412,7.80649
43.4001,8.94937,1.03242,7.80412,7.80649
43.5001,8.99004,1.03487,7.80412,7.80649
43.6001,9.02499,1.03716,7.65927,8.18997
43.7001,9.06608,1.04009,7.65927,8.18997
43.8001,9.10034,1.04267,7.65927,8.18997
43.9001,9.13482,1.04532,7.65927,8.18997
44.0001,9.17455,1.04861,7.65927,8.18997
44.1001,9.20856,1.05161,7.65927,8.18997
44.2001,9.24913,1.05543,7.65927,8.18997
44.3001,9.28313,1.05856,7.65927,8.18997
44.4001,9.31906,1.06228,7.65927,8.18997
44.5001,9.35957,1.0667,7.65927,8.18997
44.6001,9.39436,1.07069,7.50569,7.99467
44.7001,9.43461,1.07547,7.50569,7.99467
44.8001,9.4698,1.07985,7.50569,7.99467
44.9001,9.50369,1.084,7.50569,7.99467
45.0001,9.54448,1.08969,7.50569,7.99467
45.1001,9.57961,1.09453,7.50569,7.99467
45.2001,9.61995,1.10031,7.50569,7.99467
45.3001,9.65438,1.10538,7.50569,7.99467
45.4004,9.68879,1.11058,7.50569,7.99467
45.5001,9.72927,1.11686,7.50569,7.99467
45.6001,9.76389,1.12215,6.74944,8.77404
45.7001,9.80439,1.12835,6.74944,8.77404
45.8001,9.83925,1.13355,6.74944,8.77404
45.9001,9.87433,1.13872,6.74944,8.77404
46.0001,9.91489,1.14454,6.74944,8.77404
46.1001,9.94895,1.14903,6.74944,8.77404
46.2001,9.98978,1.1545,6.74944,8.77404
46.3001,10.0249,1.15914,6.74944,8.77404
46.4001,10.0592,1.16347,6.74944,8.77404
46.5001,10.0999,1.16845,6.74944,8.77404
46.6001,10.1347,1.17264,6.92937,8.80976
46.7001,10.175,1.17719,6.92937,8.80976
46.8001,10.2104,1.18119,6.92937,8.80976
46.9001,10.2457,1.18511,6.92937,8.80976
47.0001,10.2862,1.18938,6.92937,8.80976
47.1001,10.321,1.19298,6.92937,8.80976
47.2001,10.3618,1.19705,6.92937,8.80976
47.3001,10.3966,1.20046,6.92937,8.80976
47.4001,10.4317,1.20375,6.92937,8.80976
47.5001,10.4725,1.20744,6.92937,8.80976
47.6001,10.5074,1.21052,6.5724,9.0214
47.7001,10.5482,1.21397,6.5724,9.0214
47.8001,10.5836,1.21689,6.5724,9.0214
47.9001,10.6187,1.21966,6.5724,9.0214
48.0001,10.6593,1.22279,6.5724,9.0214
48.1001,10.6938,1.22525,6.5724,9.0214
48.2001,10.734,1.22805,6.5724,9.0214
48.3027,10.7688,1.23033,6.5724,9.0214
48.4001,10.8035,1.23248,6.5724,9.0214
48.5001,10.8442,1.23492,6.5724,9.0214
48.6001,10.8767,1.23675,6.64789,9.37097
48.7,10.9115,1.23819,6.64789,9.37097
48.8001,10.9379,1.23849,6.64789,9.37097
48.9001,10.9635,1.23762,6.64789,9.37097
49.0001,10.9936,1.2352,6.64789,9.37097
49.1001,11.0205,1.23215,6.64789,9.37097
49.2001,11.0523,1.22723,6.64789,9.37097
49.3001,11.0797,1.22207,6.64789,9.37097
49.4001,11.1058,1.21632,6.64789,9.37097
49.501,11.1324,1.20933,6.64789,9.37097
49.6001,11.1565,1.20213,6.68825,9.7259
49.7001,11.1927,1.19101,6.68825,9.7259
49.8001,11.2253,1.1808,6.68825,9.7259
49.9001,11.2592,1.16987,6.68825,9.7259
50.0001,11.2977,1.15717,6.68825,9.7259
50.1001,11.3309,1.14601,6.68825,9.7259
50.2001,11.3695,1.13296,6.68825,9.7259
50.3001,11.4028,1.12154,6.68825,9.7259
50.4001,11.436,1.11025,6.68825,9.7259
50.5001,11.4747,1.09749,6.68825,9.7259
50.6001,11.5081,1.08683,6.77076,10.0068
50.7001,11.5468,1.07492,6.77076,10.0068
50.8001,11.5802,1.06508,6.77076,10.0068
50.9001,11.6137,1.05561,6.77076,10.0068
51.0001,11.6528,1.04502,6.77076,10.0068
51.1001,11.6867,1.03619,6.77076,10.0068
51.2001,11.7264,1.0263,6.77076,10.0068
51.3001,11.7608,1.01831,6.77076,10.0068
51.4001,11.7948,1.01093,6.77076,10.0068
51.5001,11.8352,1.00303,6.77076,10.0068
51.6001,11.8694,0.996865,6.93447,10.3189
51.7001,11.9101,0.990406,6.93447,10.3189
51.8001,11.9448,0.985498,6.93447,10.3189
51.9001,11.9798,0.981214,6.93447,10.3189
52.0001,12.0203,0.977096,6.93447,10.3189
52.1001,12.0554,0.974193,6.93447,10.3189
52.2001,12.0963,0.971583,6.93447,10.3189
52.3001,12.1309,0.969963,6.93447,10.3189
52.4001,12.1661,0.968973,6.93447,10.3189
52.5001,12.2069,0.968667,6.93447,10.3189
52.6001,12.2421,0.969063,7.02385,10.6434
52.7022,12.2824,0.970348,7.02385,10.6434
52.8001,12.3174,0.972054,7.02385,10.6434
52.9001,12.3523,0.97435,7.02385,10.6434
53.0001,12.3931,0.977955,7.02385,10.6434
53.1001,12.4279,0.981625,7.02385,10.6434
53.2001,12.4684,0.986729,7.02385,10.6434
53.3001,12.503,0.991702,7.02385,10.6434
53.4001,12.5378,0.997359,7.02385,10.6434
53.5001,12.578,1.00443,7.02385,10.6434
53.6001,12.6124,1.01095,7.06714,11.0184
53.7001,12.6527,1.01931,7.06714,11.0184
53.8001,12.6867,1.02676,7.06714,11.0184
53.9001,12.7209,1.03444,7.06714,11.0184
54.0001,12.7606,1.0436,7.06714,11.0184
54.1001,12.7947,1.05167,7.06714,11.0184
54.2001,12.8347,1.06139,7.06714,11.0184
54.3001,12.8693,1.06993,7.06714,11.0184
54.4001,12.9035,1.0785,7.06714,11.0184
54.5001,12.943,1.08863,7.06714,11.0184
54.6001,12.9769,1.0974,6.60458,11.5497
54.7001,13.0164,1.10752,6.60458,11.5497
54.8001,13.0501,1.11617,6.60458,11.5497
54.9001,13.0838,1.12483,6.60458,11.5497
55.0001,13.1237,1.13499,6.60458,11.5497
55.1001,13.1579,1.14356,6.60458,11.5497
55.2001,13.198,1.15362,6.60458,11.5497
55.3001,13.2318,1.16196,6.60458,11.5497
55.4001,13.2657,1.17016,6.60458,11.5497
55.5001,13.3057,1.1798,6.60458,11.5497
55.6001,13.3396,1.18782,6.60458,11.5497
55.7001,13.3791,1.19686,6.33404,12.1832
55.8001,13.4133,1.20435,6.33404,12.1832
55.9001,13.4469,1.21145,6.33404,12.1832
56.0001,13.4868,1.21949,6.33404,12.1832
56.1001,13.521,1.22611,6.33404,12.1832
56.2001,13.5611,1.23348,6.33404,12.1832
56.3013,13.5956,1.23949,6.33404,12.1832
56.4001,13.6293,1.24516,6.33404,12.1832
56.5013,13.6674,1.25106,6.33404,12.1832
56.6001,13.6992,1.25562,6.33404,12.1832
56.7001,13.737,1.26068,6.26746,13.2597
56.8001,13.7693,1.26464,6.26746,13.2597
56.9001,13.8017,1.26836,6.26746,13.2597
57.0003,13.8396,1.27236,6.26746,13.2597
57.1001,13.8725,1.27557,6.26746,13.2597
57.2001,13.9102,1.27883,6.26746,13.2597
57.3001,13.9412,1.28122,6.26746,13.2597
57.4001,13.9726,1.2837,6.26746,13.2597
57.5001,14.0127,1.28754,6.26746,13.2597
57.6001,14.0475,1.29148,6.43393,13.655
57.7001,14.0877,1.29693,6.43393,13.655
57.8001,14.1223,1.30223,6.43393,13.655
57.9001,14.1566,1.30813,6.43393,13.655
58.0001,14.197,1.31611,6.43393,13.655
58.1001,14.2315,1.32346,6.43393,13.655
58.2001,14.2711,1.33292,6.43393,13.655
58.3001,14.3052,1.34174,6.43393,13.655
58.4001,14.3389,1.35121,6.43393,13.655
58.5001,14.3788,1.36329,6.43393,13.655
58.6001,14.4121,1.37413,6.17298,14.1606
58.7001,14.451,1.3877,6.17298,14.1606
58.8001,14.4838,1.39991,6.17298,14.1606
58.9001,14.5166,1.41281,6.17298,14.1606
59.0001,14.5542,1.42852,6.17298,14.1606
59.1001,14.5865,1.4427,6.17298,14.1606
59.2001,14.6236,1.46003,6.17298,14.1606
59.3001,14.6552,1.47554,6.17298,14.1606
59.4001,14.6866,1.49163,6.17298,14.1606
59.5001,14.7226,1.51116,6.17298,14.1606
59.6001,14.7533,1.52853,6.27326,14.4867
59.7001,14.7886,1.5497,6.27326,14.4867
59.8001,14.8185,1.56827,6.27326,14.4867
59.9001,14.848,1.58722,6.27326,14.4867
60.0001,14.8821,1.6099,6.27326,14.4867
60.1001,14.911,1.62968,6.27326,14.4867
60.2001,14.9445,1.65331,6.27326,14.4867
60.3001,14.9728,1.67388,6.27326,14.4867
60.4001,15.0011,1.69491,6.27326,14.4867
60.5001,15.0331,1.71938,6.27326,14.4867
60.6001,15.0608,1.7409,6.63524,14.9496
60.7001,15.0922,1.76577,6.63524,14.9496
60.8001,15.1195,1.78775,6.63524,14.9496
60.9001,15.1459,1.80933,6.63524,14.9496
61.0001,15.1775,1.83515,6.63524,14.9496
61.1001,15.2043,1.85701,6.63524,14.9496
61.2001,15.2358,1.8825,6.63524,14.9496
61.3001,15.2634,1.90466,6.63524,14.9496
61.4001,15.2905,1.92622,6.63524,14.9496
61.5001,15.3224,1.95156,6.63524,14.9496
61.6001,15.349,1.97255,6.63524,14.9496
61.7001,15.3808,1.99732,6.74809,15.1559
61.8001,15.4083,2.0187,6.74809,15.1559
61.9001,15.428,2.03389,6.74809,15.1559
62.0001,15.4422,2.04544,6.74809,15.1559
62.1001,15.4635,2.06247,6.74809,15.1559
62.2001,15.4885,2.08168,6.74809,15.1559
62.3001,15.5123,2.09987,6.74809,15.1559
62.4001,15.5341,2.11553,6.74809,15.1559
62.5001,15.5598,2.13229,6.74809,15.1559
62.6001,15.582,2.14569,6.76707,15.5511
62.7001,15.61,2.16118,6.76707,15.5511
62.8001,15.6349,2.17395,6.76707,15.5511
62.9001,15.6584,2.18495,6.76707,15.5511
63.0013,15.6841,2.19535,6.76707,15.5511
63.1001,15.7065,2.20335,6.76707,15.5511
63.2002,15.7422,2.21787,6.76707,15.5511
63.3001,15.7728,2.23164,6.76707,15.5511
63.4001,15.805,2.24743,6.76707,15.5511
63.5001,15.8399,2.26676,6.76707,15.5511
63.6001,15.8687,2.28463,6.76707,15.5511
63.7001,15.901,2.30731,6.74388,16.056
63.8001,15.9283,2.32851,6.74388,16.056
63.9001,15.9542,2.35068,6.74388,16.056
64.0001,15.9834,2.37817,6.74388,16.056
64.1001,16.0076,2.40294,6.74388,16.056
64.2001,16.0339,2.43318,6.74388,16.056
64.3001,16.0552,2.4601,6.74388,16.056
64.4001,16.0755,2.48808,6.74388,16.056
64.5001,16.0974,2.52171,6.74388,16.056
64.6001,16.1147,2.55136,6.8463,16.3707
64.7001,16.1332,2.58718,6.8463,16.3707
64.8001,16.1475,2.61817,6.8463,16.3707
64.9001,16.1606,2.65021,6.8463,16.3707
65.0001,16.1735,2.68767,6.8463,16.3707
65.1001,16.1834,2.7208,6.8463,16.3707
65.2001,16.1926,2.75937,6.8463,16.3707
65.3001,16.1992,2.79332,6.8463,16.3707
65.4001,16.2042,2.82732,6.8463,16.3707
65.5001,16.208,2.86767,6.8463,16.3707
65.6001,16.2097,2.90199,6.79445,16.6877
65.7001,16.2094,2.94208,6.79445,16.6877
65.8001,16.2076,2.97639,6.79445,16.6877
65.9001,16.2043,3.01037,6.79445,16.6877
66.0001,16.1984,3.05002,6.79445,16.6877
66.1001,16.1918,3.08374,6.79445,16.6877
66.2001,16.1819,3.12306,6.79445,16.6877
66.3001,16.172,3.15617,6.79445,16.6877
66.4001,16.1606,3.18859,6.79445,16.6877
66.5001,16.1455,3.22503,6.79445,16.6877
66.6001,16.1313,3.25655,6.59743,16.9863
66.7001,16.1141,3.29225,6.59743,16.9863
66.8001,16.0982,3.32347,6.59743,16.9863
66.9001,16.0816,3.35457,6.59743,16.9863
67.0001,16.0615,3.39029,6.59743,16.9863
67.1001,16.0436,3.42091,6.59743,16.9863
67.2001,16.0221,3.45604,6.59743,16.9863
67.3001,16.0031,3.48597,6.59743,16.9863
67.4001,15.9838,3.5152,6.59743,16.9863
67.5001,15.9607,3.54875,6.59743,16.9863
67.6001,15.941,3.57689,6.59743,16.9863
67.7001,15.9178,3.61016,5.65878,17.1035
67.8001,15.8983,3.63867,5.65878,17.1035
67.9001,15.8785,3.66787,5.65878,17.1035
68.0001,15.8563,3.70147,5.65878,17.1035
68.1001,15.8371,3.73078,5.65878,17.1035
68.2001,15.8153,3.76494,5.65878,17.1035
68.3001,15.7966,3.79479,5.65878,17.1035
68.4001,15.7782,3.82463,5.65878,17.1035
68.5001,15.7572,3.85954,5.65878,17.1035
68.6001,15.7392,3.88987,5.25006,17.0257
68.7001,15.7191,3.92528,5.25006,17.0257
68.8001,15.7027,3.95574,5.25006,17.0257
68.9001,15.6871,3.98659,5.25006,17.0257
69.0001,15.67,4.02311,5.25006,17.0257
69.1001,15.6564,4.05439,5.25006,17.0257
69.2001,15.6411,4.0924,5.25006,17.0257
69.3001,15.6291,4.1246,5.25006,17.0257
69.4001,15.6177,4.15748,5.25006,17.0257
69.5001,15.6057,4.1962,5.25006,17.0257
69.6001,15.5963,4.22925,4.9303,16.9905
69.7001,15.5864,4.26877,4.9303,16.9905
69.8001,15.5787,4.30294,4.9303,16.9905
69.9001,15.572,4.33731,4.9303,16.9905
70.0001,15.5657,4.37646,4.9303,16.9905
70.1001,15.5619,4.40795,4.9303,16.9905
70.2001,15.5601,4.44226,4.9303,16.9905
70.3001,15.5605,4.47067,4.9303,16.9905
70.4001,15.5629,4.49699,4.9303,16.9905
70.5001,15.5688,4.52772,4.9303,16.9905
70.6001,15.576,4.55498,4.58411,17.0694
70.7001,15.5871,4.5868,4.58411,17.0694
70.8001,15.5986,4.61395,4.58411,17.0694
70.9001,15.6117,4.63992,4.58411,17.0694
71.0001,15.6288,4.66823,4.58411,17.0694
71.1001,15.6451,4.69177,4.58411,17.0694
71.2001,15.6653,4.71649,4.58411,17.0694
71.3001,15.6827,4.73486,4.58411,17.0694
71.4001,15.7007,4.75083,4.58411,17.0694
71.5003,15.723,4.76658,4.58411,17.0694
71.6001,15.7425,4.77762,4.23205,17.5062
71.7001,15.7669,4.78794,4.23205,17.5062
71.8001,15.7895,4.79523,4.23205,17.5062
71.9001,15.8132,4.80045,4.23205,17.5062
72.0001,15.8396,4.80379,4.23205,17.5062
72.1001,15.8603,4.80523,4.23205,17.5062
72.2001,15.8869,4.80712,4.23205,17.5062
72.3001,15.9179,4.81075,4.23205,17.5062
72.4001,15.9506,4.81593,4.23205,17.5062
72.5001,15.9912,4.82468,4.23205,17.5062
72.6001,16.0246,4.83366,4.2301,17.5237
72.7001,16.0629,4.84621,4.2301,17.5237
72.8001,16.094,4.85804,4.2301,17.5237
72.9001,16.1221,4.87072,4.2301,17.5237
73.0001,16.1531,4.88757,4.2301,17.5237
73.1001,16.1806,4.90468,4.2301,17.5237
73.2001,16.212,4.92704,4.2301,17.5237
73.3001,16.2367,4.94695,4.2301,17.5237
73.4001,16.2613,4.96901,4.2301,17.5237
73.5001,16.29,4.99761,4.2301,17.5237
73.6001,16.3133,5.02314,4.30593,17.7654
73.7001,16.3377,5.05328,4.30593,17.7654
73.8001,16.3561,5.07909,4.30593,17.7654
73.9001,16.3737,5.10657,4.30593,17.7654
74.0001,16.3934,5.14145,4.30593,17.7654
74.1001,16.409,5.1723,4.30593,17.7654
74.2001,16.4252,5.20897,4.30593,17.7654
74.3001,16.4379,5.2414,4.30593,17.7654
74.4001,16.4487,5.27377,4.30593,17.7654
74.5001,16.4596,5.31258,4.30593,17.7654
74.6001,16.4675,5.34647,4.20934,18.0919
74.7001,16.4744,5.38574,4.20934,18.0919
74.8001,16.4789,5.41981,4.20934,18.0919
74.9001,16.4817,5.45428,4.20934,18.0919
75.0001,16.4828,5.49413,4.20934,18.0919
75.1001,16.4823,5.52826,4.20934,18.0919
75.2001,16.4796,5.5687,4.20934,18.0919
75.3001,16.4756,5.60306,4.20934,18.0919
75.4001,16.47,5.63762,4.20934,18.0919
75.5001,16.4613,5.67677,4.20934,18.0919
75.6001,16.4522,5.71057,3.97991,18.3352
75.7001,16.4394,5.7488,3.97991,18.3352
75.8001,16.4269,5.78128,3.97991,18.3352
75.9001,16.413,5.81271,3.97991,18.3352
76.0001,16.3947,5.84863,3.97991,18.3352
76.1001,16.3782,5.87798,3.97991,18.3352
76.2001,16.359,5.90883,3.97991,18.3352
76.3001,16.3401,5.9373,3.97991,18.3352
76.4001,16.3203,5.96617,3.97991,18.3352
76.5001,16.2968,5.99891,3.97991,18.3352
76.6001,16.2768,6.02603,3.35652,18.2163
76.7001,16.2534,6.05644,3.35652,18.2163
76.8001,16.232,6.08331,3.35652,18.2163
76.9001,16.2107,6.10938,3.35652,18.2163
77.0001,16.1848,6.14033,3.35652,18.2163
77.1001,16.1622,6.16679,3.35652,18.2163
77.2001,16.1358,6.19783,3.35652,18.2163
77.3001,16.1134,6.22501,3.35652,18.2163
77.4,16.0918,6.25205,3.35652,18.2163
77.5001,16.0674,6.28408,3.35652,18.2163
77.6012,16.0468,6.3119,2.82962,17.6012
77.7001,16.0232,6.3451,2.82962,17.6012
77.8001,16.0031,6.37433,2.82962,17.6012
77.9001,15.9843,6.4028,2.82962,17.6012
78.0001,15.9626,6.43677,2.82962,17.6012
78.1002,15.9439,6.46691,2.82962,17.6012
78.2001,15.9236,6.50122,2.82962,17.6012
78.3001,15.9063,6.53166,2.82962,17.6012
78.4001,15.8895,6.56238,2.82962,17.6012
78.5001,15.8704,6.59892,2.82962,17.6012
78.6001,15.8549,6.6298,2.53069,17.4571
78.7001,15.8374,6.66685,2.53069,17.4571
78.8001,15.8243,6.69765,2.53069,17.4571
78.9001,15.8127,6.72859,2.53069,17.4571
79.0001,15.8006,6.76612,2.53069,17.4571
79.1001,15.7917,6.79839,2.53069,17.4571
79.2001,15.7829,6.83727,2.53069,17.4571
79.3001,15.7764,6.87147,2.53069,17.4571
79.4001,15.7716,6.90394,2.53069,17.4571
79.5001,15.7679,6.94319,2.53069,17.4571
79.6001,15.7659,6.97661,2.1913,17.3605
79.7001,15.7654,7.01626,2.1913,17.3605
79.8001,15.7664,7.05016,2.1913,17.3605
79.9001,15.7686,7.08335,2.1913,17.3605
80.0001,15.7732,7.12339,2.1913,17.3605
80.1001,15.7783,7.15604,2.1913,17.3605
80.2001,15.7863,7.19486,2.1913,17.3605
80.3001,15.7947,7.22796,2.1913,17.3605
80.4001,15.8044,7.26048,2.1913,17.3605
80.5001,15.8172,7.29753,2.1913,17.3605
80.6001,15.8296,7.32909,1.84186,17.3472
80.7001,15.8457,7.36506,1.84186,17.3472
80.8001,15.8609,7.39542,1.84186,17.3472
80.9001,15.8769,7.42457,1.84186,17.3472
81.0001,15.8935,7.45367,1.84186,17.3472
81.1001,15.8949,7.45616,1.84186,17.3472
81.2001,15.8947,7.45578,1.84186,17.3472
81.3001,15.8941,7.4548,1.84186,17.3472
81.4001,15.8981,7.46243,1.84186,17.3472
81.5001,15.9134,7.49098,1.84186,17.3472
81.6001,15.9244,7.51256,1.84186,17.3472
81.7001,15.9248,7.51334,1.58777,17.6615
81.8001,15.9262,7.5161,1.58777,17.6615
81.9001,15.926,7.5157,1.58777,17.6615
82.0001,15.9262,7.51631,1.58777,17.6615
82.1001,15.9273,7.51896,1.58777,17.6615
82.2001,15.9283,7.52143,1.58777,17.6615
82.3001,15.9287,7.52267,1.58777,17.6615
82.4001,15.9286,7.52225,1.58777,17.6615
82.5001,15.9307,7.52921,1.58777,17.6615
82.6001,15.9365,7.55092,1.56833,17.5631
82.7001,15.944,7.58106,1.56833,17.5631
82.8001,15.9501,7.60947,1.56833,17.5631
82.9001,15.955,7.63814,1.56833,17.5631
83.0001,15.9593,7.66911,1.56833,17.5631
83.1001,15.9624,7.69648,1.56833,17.5631
83.2001,15.9649,7.73141,1.56833,17.5631
83.3001,15.9664,7.7653,1.56833,17.5631
83.4001,15.967,7.80032,1.56833,17.5631
83.5001,15.9663,7.84084,1.56833,17.5631
83.6001,15.9654,7.87827,1.52541,17.5836
83.7001,15.9631,7.91852,1.52541,17.5836
83.8001,15.96,7.95296,1.52541,17.5836
83.9001,15.9559,7.9873,1.52541,17.5836
84.0001,15.9499,8.02783,1.52541,17.5836
84.1001,15.9441,8.06213,1.52541,17.5836
84.2001,15.9361,8.10299,1.52541,17.5836
84.3004,15.9287,8.13744,1.52541,17.5836
84.4001,15.9206,8.17175,1.52541,17.5836
84.5001,15.9104,8.21165,1.52541,17.5836
84.6001,15.9009,8.24627,1.27701,17.7602
84.7001,15.889,8.28571,1.27701,17.7602
84.8001,15.8788,8.31853,1.27701,17.7602
84.9001,15.8685,8.35178,1.27701,17.7602
85.0001,15.8567,8.39031,1.27701,17.7602
85.1001,15.8465,8.42381,1.27701,17.7602
85.2001,15.8347,8.46303,1.27701,17.7602
85.3001,15.8246,8.49659,1.27701,17.7602
85.4001,15.8148,8.52974,1.27701,17.7602
85.5001,15.8051,8.56613,1.27701,17.7602
85.6001,15.7961,8.59999,0.900415,17.7774
85.7001,15.7858,8.64033,0.900415,17.7774
85.8001,15.7757,8.67775,0.900415,17.7774
85.9001,15.7669,8.71209,0.900415,17.7774
86.0001,15.7573,8.75216,0.900415,17.7774
86.1001,15.7497,8.78635,0.900415,17.7774
86.2001,15.7417,8.82608,0.900415,17.7774
86.3001,15.7355,8.8601,0.900415,17.7774
86.4001,15.7301,8.89425,0.900415,17.7774
86.5001,15.7248,8.93376,0.900415,17.7774
86.6001,15.721,8.96791,0.579602,17.797
86.7001,15.7179,9.00722,0.579602,17.797
86.8001,15.7156,9.04195,0.579602,17.797
86.9001,15.7143,9.0765,0.579602,17.797
87.0001,15.7138,9.11527,0.579602,17.797
87.1001,15.7139,9.14875,0.579602,17.797
87.2,15.7152,9.18925,0.579602,17.797
87.3001,15.717,9.22335,0.579602,17.797
87.4001,15.7196,9.25717,0.579602,17.797
87.5001,15.7236,9.2975,0.579602,17.797
87.6001,15.7278,9.33116,0.203771,17.8295
87.7001,15.7336,9.37015,0.203771,17.8295
87.8001,15.7395,9.40468,0.203771,17.8295
87.9001,15.7459,9.43755,0.203771,17.8295
88.0001,15.7545,9.47693,0.203771,17.8295
88.1001,15.7626,9.51055,0.203771,17.8295
88.2001,15.7731,9.54992,0.203771,17.8295
88.3001,15.7827,9.58361,0.203771,17.8295
88.4001,15.79,9.60785,0.203771,17.8295
88.5004,15.7909,9.61125,0.203771,17.8295
88.6001,15.7935,9.62083,-0.153149,17.9962
88.7001,15.8019,9.65094,-0.153149,17.9962
88.8001,15.8107,9.67982,-0.153149,17.9962
88.9001,15.8213,9.71344,-0.153149,17.9962
89.0001,15.8343,9.75391,-0.153149,17.9962
89.1001,15.8421,9.78054,-0.153149,17.9962
89.2001,15.8427,9.78266,-0.153149,17.9962
89.3001,15.8426,9.78245,-0.153149,17.9962
89.4001,15.8428,9.78287,-0.153149,17.9962
89.5001,15.8428,9.78287,-0.153149,17.9962
89.6001,15.8446,9.79103,-0.409583,18.1437
89.7001,15.8517,9.8224,-0.409583,18.1437
89.8016,15.8589,9.85396,-0.409583,18.1437
89.9001,15.8669,9.88898,-0.409583,18.1437
90.0001,15.876,9.92959,-0.409583,18.1437
90.1001,15.8839,9.96395,-0.409583,18.1437
90.2001,15.8934,10.0045,-0.409583,18.1437
90.3001,15.9013,10.0381,-0.409583,18.1437
90.4001,15.9092,10.0709,-0.409583,18.1437
90.5001,15.9184,10.1083,-0.409583,18.1437
90.6001,15.9264,10.1399,-0.568458,18.2213
90.7001,15.9364,10.1785,-0.568458,18.2213
90.8001,15.9448,10.2109,-0.568458,18.2213
90.9001,15.9534,10.2435,-0.568458,18.2213
91.0001,15.9636,10.2825,-0.568458,18.2213
91.1001,15.9727,10.3172,-0.568458,18.2213
91.2022,15.9831,10.3562,-0.568458,18.2213
91.3001,15.9923,10.3907,-0.568458,18.2213
91.4001,16.0012,10.4241,-0.568458,18.2213
91.5001,16.012,10.4636,-0.568458,18.2213
91.6001,16.0213,10.4971,-0.903843,18.3818
91.7001,16.0322,10.5364,-0.903843,18.3818
91.8001,16.0416,10.5697,-0.903843,18.3818
91.9001,16.0506,10.6015,-0.903843,18.3818
92.0001,16.0606,10.635,-0.903843,18.3818
92.1001,16.0691,10.6603,-0.903843,18.3818
92.2001,16.08,10.688,-0.903843,18.3818
92.3001,16.0906,10.7117,-0.903843,18.3818
92.4003,16.1046,10.7401,-0.903843,18.3818
92.5001,16.1171,10.7634,-0.903843,18.3818
92.6001,16.1306,10.7872,-1.17919,18.5452
92.7001,16.1495,10.8215,-1.17919,18.5452
92.8001,16.1658,10.8518,-1.17919,18.5452
92.9001,16.1849,10.8888,-1.17919,18.5452
93.0001,16.2005,10.9204,-1.17919,18.5452
93.1001,16.2156,10.9522,-1.17919,18.5452
93.2001,16.2323,10.9894,-1.17919,18.5452
93.3001,16.2461,11.0216,-1.17919,18.5452
93.4001,16.2594,11.0542,-1.17919,18.5452
93.5013,16.2741,11.0927,-1.17919,18.5452
93.6001,16.2859,11.1257,-1.37295,18.7479
93.7001,16.2985,11.1647,-1.37295,18.7479
93.8001,16.3082,11.1981,-1.37295,18.7479
93.9001,16.317,11.2313,-1.37295,18.7479
94.0001,16.3261,11.2708,-1.37295,18.7479
94.1001,16.3329,11.3051,-1.37295,18.7479
94.2001,16.3397,11.3458,-1.37295,18.7479
94.3001,16.3445,11.3807,-1.37295,18.7479
94.4001,16.3485,11.4157,-1.37295,18.7479
94.5001,16.3519,11.457,-1.37295,18.7479
94.6001,16.3541,11.4919,-1.61762,19.034
94.7001,16.3558,11.5328,-1.61762,19.034
94.8001,16.3569,11.5679,-1.61762,19.034
94.9001,16.3576,11.6033,-1.61762,19.034
95.0001,16.3581,11.6443,-1.61762,19.034
95.1001,16.3584,11.6793,-1.61762,19.034
95.2001,16.3585,11.7205,-1.61762,19.034
95.3001,16.3583,11.7555,-1.61762,19.034
95.4001,16.3581,11.791,-1.61762,19.034
95.5001,16.3579,11.8319,-1.61762,19.034
95.6001,16.3577,11.8676,-2.00396,19.1538
95.7001,16.3576,11.9086,-2.00396,19.1538
95.8001,16.3575,11.9443,-2.00396,19.1538
95.9001,16.3575,11.9793,-2.00396,19.1538
96.0001,16.3576,12.0205,-2.00396,19.1538
96.1001,16.3577,12.0551,-2.00396,19.1538
96.2001,16.358,12.096,-2.00396,19.1538
96.3001,16.3584,12.1308,-2.00396,19.1538
96.4001,16.3589,12.1663,-2.00396,19.1538
96.5004,16.3595,12.2075,-2.00396,19.1538
96.6001,16.3601,12.2427,-2.32884,19.2982
96.7001,16.3611,12.2839,-2.32884,19.2982
96.8001,16.3621,12.3189,-2.32884,19.2982
96.9001,16.3631,12.3537,-2.32884,19.2982
97.0001,16.3645,12.3946,-2.32884,19.2982
97.1001,16.3657,12.4296,-2.32884,19.2982
97.2001,16.3673,12.4706,-2.32884,19.2982
97.3001,16.3688,12.506,-2.32884,19.2982
97.4001,16.3703,12.5408,-2.32884,19.2982
97.5001,16.3725,12.5812,-2.32884,19.2982
97.6001,16.3743,12.6158,-2.7085,19.3692
97.7001,16.3767,12.6567,-2.7085,19.3692
97.8001,16.3788,12.6912,-2.7085,19.3692
97.9001,16.381,12.7261,-2.7085,19.3692
98.0001,16.3836,12.767,-2.7085,19.3692
98.1001,16.386,12.802,-2.7085,19.3692
98.2001,16.3889,12.8428,-2.7085,19.3692
98.3001,16.3914,12.878,-2.7085,19.3692
98.4001,16.394,12.9134,-2.7085,19.3692
98.5001,16.3971,12.9542,-2.7085,19.3692
98.6001,16.4,12.9893,-3.04423,19.4589
98.7001,16.4034,13.0302,-3.04423,19.4589
98.8001,16.4065,13.0655,-3.04423,19.4589
98.9001,16.4096,13.1006,-3.04423,19.4589
99.0001,16.4134,13.142,-3.04423,19.4589
99.1001,16.4168,13.1767,-3.04423,19.4589
99.2001,16.4209,13.2179,-3.04423,19.4589
99.3001,16.4242,13.251,-3.04423,19.4589
99.4001,16.4275,13.2808,-3.04423,19.4589
99.5001,16.4321,13.3128,-3.04423,19.4589
99.6001,16.4372,13.3412,-3.34248,19.5987
99.7001,16.4443,13.3775,-3.34248,19.5987
99.8001,16.4508,13.4079,-3.34248,19.5987
99.9001,16.4574,13.4367,-3.34248,19.5987
100,16.4654,13.4671,-3.34248,19.5987
100.1,16.4727,13.4912,-3.34248,19.5987
100.2,16.4819,13.5176,-3.34248,19.5987
100.3,16.4909,13.5434,-3.34248,19.5987
100.4,16.4996,13.5732,-3.34248,19.5987
100.5,16.5091,13.6119,-3.34248,19.5987
100.6,16.516,13.6456,-3.68836,19.8261
100.7,16.5219,13.6852,-3.68836,19.8261
100.8,16.5255,13.7192,-3.68836,19.8261
100.9,16.5276,13.7596,-3.68836,19.8261
101,16.528,13.7938,-3.68836,19.8261
101.1,16.5266,13.8323,-3.68836,19.8261
101.2,16.5237,13.8623,-3.68836,19.8261
101.3,16.5192,13.8897,-3.68836,19.8261
101.4,16.5133,13.9148,-3.68836,19.8261
101.5,16.5034,13.9463,-3.68836,19.8261
101.6,16.4933,13.9731,-3.91206,20.0422
101.7,16.4785,14.0056,-3.91206,20.0422
101.8,16.4646,14.0316,-3.91206,20.0422
101.9,16.4502,14.0543,-3.91206,20.0422
102,16.4304,14.0807,-3.91206,20.0422
102.1,16.4113,14.1027,-3.91206,20.0422
102.2,16.3863,14.1272,-3.91206,20.0422
102.3,16.3641,14.1463,-3.91206,20.0422
102.4,16.3406,14.1638,-3.91206,20.0422
102.5,16.31,14.1838,-3.91206,20.0422
102.6,16.2815,14.2018,-4.20181,19.9413
102.7,16.2466,14.2229,-4.20181,19.9413
102.8,16.217,14.2404,-4.20181,19.9413
102.9,16.1865,14.258,-4.20181,19.9413
103,16.1509,14.2779,-4.20181,19.9413
103.1,16.1198,14.2949,-4.20181,19.9413
103.2,16.0834,14.3141,-4.20181,19.9413
103.3,16.0521,14.3303,-4.20181,19.9413
103.4,16.0208,14.346,-4.20181,19.9413
103.5,15.9836,14.3643,-4.20181,19.9413
103.6,15.9519,14.3796,-4.20181,19.9413
103.7,15.9147,14.3973,-4.20181,19.9413
103.8,15.8826,14.4123,-4.20181,19.9413
103.9,15.8507,14.4269,-4.20181,19.9413
104,15.8131,14.4437,-4.20181,19.9413
104.1,15.7809,14.458,-4.20181,19.9413
104.2,15.7433,14.4748,-4.20181,19.9413
104.3,15.7113,14.489,-4.20181,19.9413
104.4,15.68,14.5032,-4.20181,19.9413
104.5,15.6422,14.5202,-4.20181,19.9413
104.6,15.6103,14.5345,-4.20181,19.9413
104.7,15.5734,14.5513,-4.20181,19.9413
104.8,15.5412,14.5661,-4.20181,19.9413
104.9,15.5041,14.5831,-4.20181,19.9413
105,15.4723,14.5978,-4.20181,19.9413
105.1,15.441,14.6124,-4.20181,19.9413
105.2,15.4051,14.6293,-4.20181,19.9413
105.3,15.3758,14.6435,-4.20181,19.9413
105.4,15.3472,14.6577,-4.20181,19.9413
105.5,15.3132,14.6749,-4.20181,19.9413
105.6,15.2843,14.6896,-4.20181,19.9413
105.7,15.2502,14.7076,-4.20181,19.9413
105.8,15.2217,14.7229,-4.20181,19.9413
105.901,15.1929,14.7386,-4.20181,19.9413
106,15.1598,14.757,-4.20181,19.9413
106.1,15.1311,14.7734,-4.20181,19.9413
106.2,15.0984,14.7925,-4.20181,19.9413
106.3,15.0721,14.8082,-4.20181,19.9413
106.4,15.0403,14.8271,-4.20181,19.9413
106.5,15.0113,14.8438,-4.20181,19.9413
106.6,14.9808,14.8606,-4.20181,19.9413
106.7,14.945,14.8795,-4.20181,19.9413
106.8,14.9133,14.8956,-4.20181,19.9413
106.9,14.8818,14.9108,-4.20181,19.9413
107,14.8448,14.9279,-4.20181,19.9413
107.1,14.8127,14.942,-4.20181,19.9413
107.2,14.7749,14.9577,-4.20181,19.9413
107.3,14.742,14.9708,-4.20181,19.9413
107.4,14.709,14.9832,-4.20181,19.9413
107.5,14.6701,14.9969,-4.20181,19.9413
107.602,14.6369,15.008,-4.20181,19.9413
107.7,14.5976,15.0203,-4.20181,19.9413
107.8,14.5642,15.03,-4.20181,19.9413
107.9,14.5246,15.0407,-4.20181,19.9413
108,14.4904,15.0492,-4.20181,19.9413
108.1,14.4561,15.0571,-4.20181,19.9413
108.2,14.4164,15.0657,-4.20181,19.9413
108.3,14.3821,15.0726,-4.20181,19.9413
108.4,14.3477,15.079,-4.20181,19.9413
108.5,14.3073,15.086,-4.20181,19.9413
108.6,14.2725,15.0916,-4.20181,19.9413
108.7,14.2324,15.0975,-4.20181,19.9413
108.8,14.1975,15.1023,-4.20181,19.9413
108.9,14.1632,15.1067,-4.20181,19.9413
109,14.1226,15.1118,-4.20181,19.9413
109.1,14.0878,15.1159,-4.20181,19.9413
109.2,14.0466,15.1204,-4.20181,19.9413
109.3,14.012,15.1241,-4.20181,19.9413
109.4,13.9772,15.1278,-4.20181,19.9413
109.5,13.9371,15.1318,-4.20181,19.9413
109.6,13.902,15.1353,-4.20181,19.9413
109.7,13.861,15.1394,-4.20181,19.9413
109.8,13.8257,15.1429,-4.20181,19.9413
109.901,13.7909,15.1465,-4.20181,19.9413
110,13.7504,15.1507,-4.20181,19.9413
110.1,13.7155,15.1545,-4.20181,19.9413
110.2,13.675,15.1589,-4.20181,19.9413
110.3,13.64,15.163,-4.20181,19.9413
110.4,13.6052,15.167,-4.20181,19.9413
110.5,13.5646,15.1719,-4.20181,19.9413
110.6,13.53,15.1762,-4.20181,19.9413
110.7,13.489,15.1814,-4.20181,19.9413
110.8,13.454,15.1861,-4.20181,19.9413
110.9,13.4191,15.1908,-4.20181,19.9413
111,13.3785,15.1964,-4.20181,19.9413
111.1,13.3438,15.2013,-4.20181,19.9413
111.2,13.3035,15.2073,-4.20181,19.9413
111.301,13.2689,15.2124,-4.20181,19.9413
111.4,13.2282,15.2187,-4.20181,19.9413
111.5,13.1936,15.2241,-4.20181,19.9413
111.6,13.1584,15.2298,-4.20181,19.9413
